PatientID,gene,Aachange,mutation_type,transcript_name,pos,color,SNPsideID,label
KX001,DNMT3A,p.R659H,missense,ENST00000264709,659,red,top,
KX002,DNMT3A,p.F701L,missense,ENST00000264709,701,red,top,
KX007,DNMT3A,p.K826R,missense,ENST00000264709,826,red,top,
KX007,DNMT3A,p.D768Y,missense,ENST00000264709,768,red,top,
KX007,DNMT3A,p.G699S,missense,ENST00000264709,699,red,top,
KX008,DNMT3A,p.C911Y,missense,ENST00000264709,911,red,top,
KX004,DNMT3A,p.P904L,missense,ENST00000264709,904,red,top,
KX004,DNMT3A,p.G843S,missense,ENST00000264709,843,red,top,
KX004,DNMT3A,p.F752S,missense,ENST00000264709,752,red,top,
KX004,DNMT3A,p.L703Q,missense,ENST00000264709,703,red,top,
KX004,DNMT3A,p.V657M,missense,ENST00000264709,657,red,top,
KX004,DNMT3A,p.L639R,missense,ENST00000264709,639,red,top,
KX004,DNMT3A,p.R458W,missense,ENST00000264709,458,red,top,
KX004,DNMT3A,p.W313*,truncating,ENST00000264709,313,blue,bottom,
KX004,DNMT3A,p.R309G,missense,ENST00000264709,309,red,top,
KX004,DNMT3A,p.E477fs*14,nonsense,ENST00000264709,477,purple,bottom,
KX003,DNMT3A,p.R659H,missense,ENST00000264709,659,red,top,
KX003,DNMT3A,p.R326H,missense,ENST00000264709,326,red,top,
KX003,DNMT3A,p.E283K,missense,ENST00000264709,283,red,top,
KX003,DNMT3A,p.W409fs*4,nonsense,ENST00000264709,409,purple,bottom,
SX001,HIST2H3D,p.Q6K,missense,ENST00000331491,6,red,top,
AX001,HIST2H3D,p.T7I,missense,ENST00000331491,7,red,top,
AX001,HIST2H3D,p.R9C,missense,ENST00000331491,9,red,top,
KX008,HIST2H3D,p.Q20*,truncating,ENST00000331491,20,blue,bottom,
AX001,ZNF318,p.W1959R,missense,ENST00000361428,1959,red,top,
KX003,ZNF318,p.S1709N,missense,ENST00000361428,1709,red,top,
KX003,ZNF318,p.S744*,truncating,ENST00000361428,744,blue,bottom,
KX003,ZNF318,p.Q768fs*22,nonsense,ENST00000361428,768,purple,bottom,
KX003,ZNF318,p.D278fs*23,nonsense,ENST00000361428,278,purple,bottom,
KX004,ZNF318,p.R931*,truncating,ENST00000361428,931,blue,bottom,
KX004,ZNF318,p.Q779*,truncating,ENST00000361428,779,blue,bottom,
KX004,ZNF318,p.S1914fs*8,nonsense,ENST00000361428,1914,purple,bottom,
KX004,ZNF318,p.K597fs*3,nonsense,ENST00000361428,597,purple,bottom,
KX007,ZNF318,p.R638*,truncating,ENST00000361428,638,blue,bottom,
KX007,ZNF318,p.F99fs*41,nonsense,ENST00000361428,99,purple,bottom,
KX008,ZNF318,p.Y276C,missense,ENST00000361428,276,red,top,