"mut_ref","Chrom","Pos","Ref","Alt","Mut_type","node","Gene","Transcript","RNA","CDS","Protein","Type","SO_codes","variant_ID","Donor"
"2-25464537-C-T","2",25464537,"C","T","SNV",547,"DNMT3A","CCDS33157.1","r.2314g>a","c.1976G>A","p.R659H","protein_coding:exon:CDS:substitution:codon_variant:non_synonymous_codon","SO:0000010:SO:0000147:SO:0000316:SO:1000002:SO:0001581:SO:0001583","DNMT3A p.R659H","KX003"
"2-25469647-T-A","2",25469647,"T","A","SNV",592,"DNMT3A","CCDS33157.1","r.1461-2a>u","c.1123-2A>T","p.?","protein_coding:CDS:extended_cis_splice_site:substitution:splice_site_variant:transcript_variant","SO:0000010:SO:0000316:SO:0001993:SO:1000002:SO:0001629:SO:0001576","DNMT3A p.?","KX003"
"2-25470497-C-T","2",25470497,"C","T","SNV",208,"DNMT3A","CCDS33157.1","r.1315g>a","c.977G>A","p.R326H","protein_coding:exon:CDS:substitution:codon_variant:non_synonymous_codon","SO:0000010:SO:0000147:SO:0000316:SO:1000002:SO:0001581:SO:0001583","DNMT3A p.R326H","KX003"
"2-25470914-C-T","2",25470914,"C","T","SNV",55,"DNMT3A","CCDS33157.1","r.1185g>a","c.847G>A","p.E283K","protein_coding:exon:CDS:substitution:codon_variant:non_synonymous_codon","SO:0000010:SO:0000147:SO:0000316:SO:1000002:SO:0001581:SO:0001583","DNMT3A p.E283K","KX003"
"20-31021290-C-G","20",31021290,"C","G","SNV",226,"ASXL1","CCDS13201.1","r.1713c>g","c.1289C>G","p.S430*","protein_coding:exon:CDS:substitution:codon_variant:stop_gained","SO:0000010:SO:0000147:SO:0000316:SO:1000002:SO:0001581:SO:0001587","ASXL1 p.S430*","KX003"
"20-31021655-A-G","20",31021655,"A","G","SNV",85,"ASXL1","CCDS13201.1","r.2078a>g","c.1654A>G","p.I552V","protein_coding:exon:CDS:substitution:codon_variant:non_synonymous_codon","SO:0000010:SO:0000147:SO:0000316:SO:1000002:SO:0001581:SO:0001583","ASXL1 p.I552V","KX003"
"4-106156550-G-A","4",106156550,"G","A","SNV",172,"TET2","CCDS47120.1","r.2311g>a","c.1451G>A","p.C484Y","protein_coding:exon:CDS:substitution:codon_variant:non_synonymous_codon","SO:0000010:SO:0000147:SO:0000316:SO:1000002:SO:0001581:SO:0001583","TET2 p.C484Y","KX003"
"4-106164794-G-A","4",106164794,"G","A","SNV",424,"TET2","CCDS47120.1","r.4522g>a","c.3662G>A","p.C1221Y","protein_coding:exon:CDS:substitution:codon_variant:non_synonymous_codon","SO:0000010:SO:0000147:SO:0000316:SO:1000002:SO:0001581:SO:0001583","TET2 p.C1221Y","KX003"
"4-106190798-G-A","4",106190798,"G","A","SNV",272,"TET2","CCDS47120.1","r.4936g>a","c.4076G>A","p.R1359H","protein_coding:exon:CDS:substitution:codon_variant:non_synonymous_codon","SO:0000010:SO:0000147:SO:0000316:SO:1000002:SO:0001581:SO:0001583","TET2 p.R1359H","KX003"
"9-5029893-C-T","9",5029893,"C","T","SNV",260,"JAK2","CCDS6457.1","r.831c>u","c.337C>T","p.L113F","protein_coding:exon:CDS:substitution:codon_variant:non_synonymous_codon","SO:0000010:SO:0000147:SO:0000316:SO:1000002:SO:0001581:SO:0001583","JAK2 p.L113F","KX003"
"9-5090844-A-G","9",5090844,"A","G","SNV",138,"JAK2","CCDS6457.1","r.3486a>g","c.2992A>G","p.T998A","protein_coding:exon:CDS:substitution:codon_variant:non_synonymous_codon","SO:0000010:SO:0000147:SO:0000316:SO:1000002:SO:0001581:SO:0001583","JAK2 p.T998A","KX003"
"2-25469543-A-ATTCAATCATGGGC","2",25469543,"A","ATTCAATCATGGGC","INDEL",642,"DNMT3A","CCDS33157.1","r.1562_1563insgcccaugauugaa","c.1224_1225insGCCCATGATTGAA","p.W409fs*4","protein_coding:exon:CDS:insertion:frameshift_variant","SO:0000010:SO:0000147:SO:0000316:SO:0000667:SO:0001589","DNMT3A p.W409fs*4","KX003"
