mut_ref,Chrom,Pos,Ref,Alt,Mut_type,node,Gene,Transcript,RNA,CDS,Protein,Type,SO_codes,variant_ID,Donor,EM,PC,Notes,Recurrence_in_cosmic,Tissue
20-30956844-A-G,20,30956844,A,G,SNV,120,ASXL1,CCDS13201.1,r.594a>g,c.170A>G,p.N57S,protein_coding:exon:CDS:substitution:codon_variant:non_synonymous_codon,SO:0000010:SO:0000147:SO:0000316:SO:1000002:SO:0001581:SO:0001583,ASXL1 p.N57S,AX001,Oncogenic,Unknown,Exact variant,1,breast
2-25464537-C-T,2,25464537,C,T,SNV,270,DNMT3A,CCDS33157.1,r.2314g>a,c.1976G>A,p.R659H,protein_coding:exon:CDS:substitution:codon_variant:non_synonymous_codon,SO:0000010:SO:0000147:SO:0000316:SO:1000002:SO:0001581:SO:0001583,DNMT3A p.R659H,KX001,Oncogenic,Oncogenic,Exact variant,3,"Endometrium, cns"
20-31017866-G-A,20,31017866,G,A,SNV,351,ASXL1,CCDS13201.1,r.1142+10g>a,c.718+10G>A,p.?,protein_coding:CDS:extended_intronic_splice_region:substitution:extended_intronic_splice_region_variant:transcript_variant,SO:0000010:SO:0000316:SO:0001996:SO:1000002:SO:0001995:SO:0001576,ASXL1 p.?,KX002,Oncogenic,Oncogenic,,,
2-25463579-G-T,2,25463579,G,T,SNV,134,DNMT3A,CCDS33157.1,r.2441c>a,c.2103C>A,p.F701L,protein_coding:exon:CDS:substitution:codon_variant:non_synonymous_codon,SO:0000010:SO:0000147:SO:0000316:SO:1000002:SO:0001581:SO:0001583,DNMT3A p.F701L,KX002,Possible_oncogenic,Oncogenic,Within 3 aa DNMT3A p.G699S and DNMT3A p.L703P,3,Haem 
9-5081728-A-T,9,5081728,A,T,SNV,259,JAK2,CCDS6457.1,r.2932a>u,c.2438A>T,p.Y813F,protein_coding:exon:CDS:substitution:codon_variant:non_synonymous_codon,SO:0000010:SO:0000147:SO:0000316:SO:1000002:SO:0001581:SO:0001583,JAK2 p.Y813F,KX002,Possible_oncogenic,Possible_oncogenic,JAK2 p.Y813D at exact site,1,MPN
2-25464537-C-T,2,25464537,C,T,SNV,547,DNMT3A,CCDS33157.1,r.2314g>a,c.1976G>A,p.R659H,protein_coding:exon:CDS:substitution:codon_variant:non_synonymous_codon,SO:0000010:SO:0000147:SO:0000316:SO:1000002:SO:0001581:SO:0001583,DNMT3A p.R659H,KX003,Oncogenic,Oncogenic,Exact variant,3,"endometrium, cns"
2-25469647-T-A,2,25469647,T,A,SNV,592,DNMT3A,CCDS33157.1,r.1461-2a>u,c.1123-2A>T,p.?,protein_coding:CDS:extended_cis_splice_site:substitution:splice_site_variant:transcript_variant,SO:0000010:SO:0000316:SO:0001993:SO:1000002:SO:0001629:SO:0001576,DNMT3A p.?,KX003,Oncogenic,Oncogenic,,,
2-25470497-C-T,2,25470497,C,T,SNV,208,DNMT3A,CCDS33157.1,r.1315g>a,c.977G>A,p.R326H,protein_coding:exon:CDS:substitution:codon_variant:non_synonymous_codon,SO:0000010:SO:0000147:SO:0000316:SO:1000002:SO:0001581:SO:0001583,DNMT3A p.R326H,KX003,Oncogenic,Oncogenic,Exact variant,5,2 haem
2-25470914-C-T,2,25470914,C,T,SNV,55,DNMT3A,CCDS33157.1,r.1185g>a,c.847G>A,p.E283K,protein_coding:exon:CDS:substitution:codon_variant:non_synonymous_codon,SO:0000010:SO:0000147:SO:0000316:SO:1000002:SO:0001581:SO:0001583,DNMT3A p.E283K,KX003,Possible_oncogenic,Oncogenic,Within 3 aa DNMT3A p.E281K,1,colon
20-31021290-C-G,20,31021290,C,G,SNV,226,ASXL1,CCDS13201.1,r.1713c>g,c.1289C>G,p.S430*,protein_coding:exon:CDS:substitution:codon_variant:stop_gained,SO:0000010:SO:0000147:SO:0000316:SO:1000002:SO:0001581:SO:0001587,ASXL1 p.S430*,KX003,Oncogenic,Oncogenic,Truncating,,
20-31021655-A-G,20,31021655,A,G,SNV,85,ASXL1,CCDS13201.1,r.2078a>g,c.1654A>G,p.I552V,protein_coding:exon:CDS:substitution:codon_variant:non_synonymous_codon,SO:0000010:SO:0000147:SO:0000316:SO:1000002:SO:0001581:SO:0001583,ASXL1 p.I552V,KX003,Possible_oncogenic,Unknown,Within 3 aa ASXL1 p.R549C,3,"skin, lung, colon"
4-106156550-G-A,4,106156550,G,A,SNV,172,TET2,CCDS47120.1,r.2311g>a,c.1451G>A,p.C484Y,protein_coding:exon:CDS:substitution:codon_variant:non_synonymous_codon,SO:0000010:SO:0000147:SO:0000316:SO:1000002:SO:0001581:SO:0001583,TET2 p.C484Y,KX003,Unknown,Unknown,Within 3 aa TET2 p.Q481*,,
4-106164794-G-A,4,106164794,G,A,SNV,424,TET2,CCDS47120.1,r.4522g>a,c.3662G>A,p.C1221Y,protein_coding:exon:CDS:substitution:codon_variant:non_synonymous_codon,SO:0000010:SO:0000147:SO:0000316:SO:1000002:SO:0001581:SO:0001583,TET2 p.C1221Y,KX003,Oncogenic,Oncogenic,Exact variant,5,Haem
4-106190798-G-A,4,106190798,G,A,SNV,272,TET2,CCDS47120.1,r.4936g>a,c.4076G>A,p.R1359H,protein_coding:exon:CDS:substitution:codon_variant:non_synonymous_codon,SO:0000010:SO:0000147:SO:0000316:SO:1000002:SO:0001581:SO:0001583,TET2 p.R1359H,KX003,Oncogenic,Oncogenic,Exact variant,5,Haem 
9-5029893-C-T,9,5029893,C,T,SNV,260,JAK2,CCDS6457.1,r.831c>u,c.337C>T,p.L113F,protein_coding:exon:CDS:substitution:codon_variant:non_synonymous_codon,SO:0000010:SO:0000147:SO:0000316:SO:1000002:SO:0001581:SO:0001583,JAK2 p.L113F,KX003,Possible_oncogenic,Unknown,Within 3 aa JAK2 p.R115I,2,"Breast, endometrium"
9-5090844-A-G,9,5090844,A,G,SNV,138,JAK2,CCDS6457.1,r.3486a>g,c.2992A>G,p.T998A,protein_coding:exon:CDS:substitution:codon_variant:non_synonymous_codon,SO:0000010:SO:0000147:SO:0000316:SO:1000002:SO:0001581:SO:0001583,JAK2 p.T998A,KX003,Unknown,Unknown,,,
2-25469543-A-ATTCAATCATGGGC,2,25469543,A,ATTCAATCATGGGC,INDEL,642,DNMT3A,CCDS33157.1,r.1562_1563insgcccaugauugaa,c.1224_1225insGCCCATGATTGAA,p.W409fs*4,protein_coding:exon:CDS:insertion:frameshift_variant,SO:0000010:SO:0000147:SO:0000316:SO:0000667:SO:0001589,DNMT3A p.W409fs*4,KX003,Oncogenic,Oncogenic,Truncating,,
11-119148991-G-A,11,119148991,G,A,SNV,860,CBL,CCDS8418.1,r.1587g>a,c.1211G>A,p.C404Y,protein_coding:exon:CDS:substitution:codon_variant:non_synonymous_codon,SO:0000010:SO:0000147:SO:0000316:SO:1000002:SO:0001581:SO:0001583,CBL p.C404Y,KX004,Oncogenic,Oncogenic,Exact variant,20,Haem 
12-25398279-C-T,12,25398279,C,T,SNV,366,KRAS,CCDS8703.1,r.104g>a,c.40G>A,p.V14I,protein_coding:exon:CDS:substitution:codon_variant:non_synonymous_codon,SO:0000010:SO:0000147:SO:0000316:SO:1000002:SO:0001581:SO:0001583,KRAS p.V14I,KX004,Oncogenic,Oncogenic,Exact variant,28,5 haem
17-7578461-C-T,17,7578461,C,T,SNV,111,TP53,CCDS11118.1,r.659g>a,c.469G>A,p.V157I,protein_coding:exon:CDS:substitution:codon_variant:non_synonymous_codon,SO:0000010:SO:0000147:SO:0000316:SO:1000002:SO:0001581:SO:0001583,TP53 p.V157I,KX004,Possible_oncogenic,Oncogenic,Within 3 aa TP53 p.R158C,18,3 haem
2-198266180-A-C,2,198266180,A,C,SNV,252,SF3B1,CCDS33356.1,r.2532u>g,c.2440T>G,p.F814V,protein_coding:exon:CDS:substitution:codon_variant:non_synonymous_codon,SO:0000010:SO:0000147:SO:0000316:SO:1000002:SO:0001581:SO:0001583,SF3B1 p.F814V,KX004,Possible_oncogenic,Possible_oncogenic,Within 3 aa SF3B1 p.P812S,2,Skin
2-198268328-A-G,2,198268328,A,G,SNV,371,SF3B1,CCDS33356.1,r.1792u>c,c.1700T>C,p.V567A,protein_coding:exon:CDS:substitution:codon_variant:non_synonymous_codon,SO:0000010:SO:0000147:SO:0000316:SO:1000002:SO:0001581:SO:0001583,SF3B1 p.V567A,KX004,Possible_oncogenic,Possible_oncogenic,Within 3 aa SF3B1 p.D564E and SF3B1 p.P569S,2,Skin
2-25457176-G-A,2,25457176,G,A,SNV,542,DNMT3A,CCDS33157.1,r.3049c>u,c.2711C>T,p.P904L,protein_coding:exon:CDS:substitution:codon_variant:non_synonymous_codon,SO:0000010:SO:0000147:SO:0000316:SO:1000002:SO:0001581:SO:0001583,DNMT3A p.P904L,KX004,Oncogenic,Oncogenic,Exact variant,20,Haem 
2-25458646-C-T,2,25458646,C,T,SNV,620,DNMT3A,CCDS33157.1,r.2865g>a,c.2527G>A,p.G843S,protein_coding:exon:CDS:substitution:codon_variant:non_synonymous_codon,SO:0000010:SO:0000147:SO:0000316:SO:1000002:SO:0001581:SO:0001583,DNMT3A p.G843S,KX004,Possible_oncogenic,Oncogenic,Within 3 aa DNMT3A p.K841E and DNMT3A p.K841E and DNMT3A p.Q842H,5,"4 haem, 1 lung"
2-25463238-A-G,2,25463238,A,G,SNV,699,DNMT3A,CCDS33157.1,r.2593u>c,c.2255T>C,p.F752S,protein_coding:exon:CDS:substitution:codon_variant:non_synonymous_codon,SO:0000010:SO:0000147:SO:0000316:SO:1000002:SO:0001581:SO:0001583,DNMT3A p.F752S,KX004,Oncogenic,Oncogenic,DNMT3A p.F752V at same site,2,Liver
2-25463574-A-T,2,25463574,A,T,SNV,744,DNMT3A,CCDS33157.1,r.2446u>a,c.2108T>A,p.L703Q,protein_coding:exon:CDS:substitution:codon_variant:non_synonymous_codon,SO:0000010:SO:0000147:SO:0000316:SO:1000002:SO:0001581:SO:0001583,DNMT3A p.L703Q,KX004,Oncogenic,Oncogenic,DNMT3A p.L703P and DNMT3A p.L703V at same site,3,Haem
2-25464544-C-T,2,25464544,C,T,SNV,231,DNMT3A,CCDS33157.1,r.2307g>a,c.1969G>A,p.V657M,protein_coding:exon:CDS:substitution:codon_variant:non_synonymous_codon,SO:0000010:SO:0000147:SO:0000316:SO:1000002:SO:0001581:SO:0001583,DNMT3A p.V657M,KX004,Oncogenic,Oncogenic,Exact variant,3,"Haem, stomach, CNS"
2-25466787-A-C,2,25466787,A,C,SNV,295,DNMT3A,CCDS33157.1,r.2254u>g,c.1916T>G,p.L639R,protein_coding:exon:CDS:substitution:codon_variant:non_synonymous_codon,SO:0000010:SO:0000147:SO:0000316:SO:1000002:SO:0001581:SO:0001583,DNMT3A p.L639R,KX004,Possible_oncogenic,Oncogenic,DNMT3A p.L639F and DNMT3A p.L639I and DNMT3A p.L639V at same site,4,"AML, endometrium, breast"
2-25469086-G-A,2,25469086,G,A,SNV,357,DNMT3A,CCDS33157.1,r.1710c>u,c.1372C>T,p.R458W,protein_coding:exon:CDS:substitution:codon_variant:non_synonymous_codon,SO:0000010:SO:0000147:SO:0000316:SO:1000002:SO:0001581:SO:0001583,DNMT3A p.R458W,KX004,Oncogenic,Oncogenic,Exact variant,2,"Endometrium, skin"
2-25470028-C-G,2,25470028,C,G,SNV,462,DNMT3A,CCDS33157.1,r.1353-1g>c,c.1015-1G>C,p.?,protein_coding:CDS:extended_cis_splice_site:substitution:splice_site_variant:transcript_variant,SO:0000010:SO:0000316:SO:0001993:SO:1000002:SO:0001629:SO:0001576,DNMT3A p.?,KX004,Oncogenic,Oncogenic,,,
2-25470536-C-T,2,25470536,C,T,SNV,233,DNMT3A,CCDS33157.1,r.1276g>a,c.938G>A,p.W313*,protein_coding:exon:CDS:substitution:codon_variant:stop_gained,SO:0000010:SO:0000147:SO:0000316:SO:1000002:SO:0001581:SO:0001587,DNMT3A p.W313*,KX004,Oncogenic,Oncogenic,Truncating,,
2-25470549-G-C,2,25470549,G,C,SNV,647,DNMT3A,CCDS33157.1,r.1263c>g,c.925C>G,p.R309G,protein_coding:exon:CDS:substitution:codon_variant:non_synonymous_codon,SO:0000010:SO:0000147:SO:0000316:SO:1000002:SO:0001581:SO:0001583,DNMT3A p.R309G,KX004,Possible_oncogenic,Oncogenic,"DNMT3A p.R309L, DNMT3A p.R309P, DNMT3A p.R309S at same site",3,"AML, urinary, head and neck"
2-25470905-C-T,2,25470905,C,T,SNV,679,DNMT3A,CCDS33157.1,r.1193+1g>a,c.855+1G>A,p.?,protein_coding:CDS:extended_cis_splice_site:substitution:splice_site_variant:transcript_variant,SO:0000010:SO:0000316:SO:0001993:SO:1000002:SO:0001629:SO:0001576,DNMT3A p.?,KX004,Oncogenic,Oncogenic,,,
4-106164824-T-C,4,106164824,T,C,SNV,604,TET2,CCDS47120.1,r.4552u>c,c.3692T>C,p.L1231P,protein_coding:exon:CDS:substitution:codon_variant:non_synonymous_codon,SO:0000010:SO:0000147:SO:0000316:SO:1000002:SO:0001581:SO:0001583,TET2 p.L1231P,KX004,Oncogenic,Oncogenic,Exact variant,2,MPN
17-58740582-T-C,17,58740582,T,C,SNV,237,PPM1D,CCDS11625.1,r.1719u>c,c.1487T>C,p.I496T,protein_coding:exon:CDS:substitution:codon_variant:non_synonymous_codon,SO:0000010:SO:0000147:SO:0000316:SO:1000002:SO:0001581:SO:0001583,PPM1D p.I496T,KX007,Unknown,Unknown,,,
2-198265099-T-G,2,198265099,T,G,SNV,76,SF3B1,CCDS33356.1,r.2870a>c,c.2778A>C,p.K926N,protein_coding:exon:CDS:substitution:codon_variant:non_synonymous_codon,SO:0000010:SO:0000147:SO:0000316:SO:1000002:SO:0001581:SO:0001583,SF3B1 p.K926N,KX007,Possible_oncogenic,Possible_oncogenic,Within 3 aa SF3B1 p.K923R,1,Colorectal cancer
2-25459806-T-C,2,25459806,T,C,SNV,359,DNMT3A,CCDS33157.1,r.2815a>g,c.2477A>G,p.K826R,protein_coding:exon:CDS:substitution:codon_variant:non_synonymous_codon,SO:0000010:SO:0000147:SO:0000316:SO:1000002:SO:0001581:SO:0001583,DNMT3A p.K826R,KX007,Oncogenic,Oncogenic,Exact variant,1,AML
2-25463191-C-A,2,25463191,C,A,SNV,464,DNMT3A,CCDS33157.1,r.2640g>u,c.2302G>T,p.D768Y,protein_coding:exon:CDS:substitution:codon_variant:non_synonymous_codon,SO:0000010:SO:0000147:SO:0000316:SO:1000002:SO:0001581:SO:0001583,DNMT3A p.D768Y,KX007,Possible_oncogenic,Oncogenic,DNMT3A p.D768N at same site,1,Urinary TCC
2-25463587-C-T,2,25463587,C,T,SNV,486,DNMT3A,CCDS33157.1,r.2433g>a,c.2095G>A,p.G699S,protein_coding:exon:CDS:substitution:codon_variant:non_synonymous_codon,SO:0000010:SO:0000147:SO:0000316:SO:1000002:SO:0001581:SO:0001583,DNMT3A p.G699S,KX007,Oncogenic,Oncogenic,Exact variant,3,AML/MDS
4-106163995-G-T,4,106163995,G,T,SNV,285,TET2,CCDS47120.1,r.4365g>u,c.3505G>T,p.G1169*,protein_coding:exon:CDS:substitution:codon_variant:stop_gained,SO:0000010:SO:0000147:SO:0000316:SO:1000002:SO:0001581:SO:0001587,TET2 p.G1169*,KX007,Oncogenic,Oncogenic,Truncating,,
4-106197210-C-G,4,106197210,C,G,SNV,394,TET2,CCDS47120.1,r.6403c>g,c.5543C>G,p.S1848*,protein_coding:exon:CDS:substitution:codon_variant:stop_gained,SO:0000010:SO:0000147:SO:0000316:SO:1000002:SO:0001581:SO:0001587,TET2 p.S1848*,KX007,Oncogenic,Oncogenic,Truncating,,
4-106197270-A-G,4,106197270,A,G,SNV,172,TET2,CCDS47120.1,r.6463a>g,c.5603A>G,p.H1868R,protein_coding:exon:CDS:substitution:codon_variant:non_synonymous_codon,SO:0000010:SO:0000147:SO:0000316:SO:1000002:SO:0001581:SO:0001583,TET2 p.H1868R,KX007,Possible_oncogenic,Oncogenic,TET2 p.H1868P and TET2 p.H1868Y at same site,5,AML and other haem
11-119155971-C-A,11,119155971,C,A,SNV,428,CBL,CCDS8418.1,r.2012c>a,c.1636C>A,p.P546T,protein_coding:exon:CDS:substitution:codon_variant:non_synonymous_codon,SO:0000010:SO:0000147:SO:0000316:SO:1000002:SO:0001581:SO:0001583,CBL p.P546T,KX008,Possible_oncogenic,Unknown,CBL p.P546L at same site,1,Endometrium
16-67662298-G-A,16,67662298,G,A,SNV,264,CTCF,CCDS10841.1,r.1988g>a,c.1544G>A,p.R515H,protein_coding:exon:CDS:substitution:codon_variant:non_synonymous_codon,SO:0000010:SO:0000147:SO:0000316:SO:1000002:SO:0001581:SO:0001583,CTCF p.R515H,KX008,Oncogenic,Unknown,Exact variant,1,Endometrium
17-58740498-C-G,17,58740498,C,G,SNV,9,PPM1D,CCDS11625.1,r.1635c>g,c.1403C>G,p.S468*,protein_coding:exon:CDS:substitution:codon_variant:stop_gained,SO:0000010:SO:0000147:SO:0000316:SO:1000002:SO:0001581:SO:0001587,PPM1D p.S468*,KX008,Oncogenic,Oncogenic,Truncating,,
2-25457155-C-T,2,25457155,C,T,SNV,249,DNMT3A,CCDS33157.1,r.3070g>a,c.2732G>A,p.C911Y,protein_coding:exon:CDS:substitution:codon_variant:non_synonymous_codon,SO:0000010:SO:0000147:SO:0000316:SO:1000002:SO:0001581:SO:0001583,DNMT3A p.C911Y,KX008,Oncogenic,Oncogenic,Exact variant,1,Breast
20-31022259-C-T,20,31022259,C,T,SNV,161,ASXL1,CCDS13201.1,r.2168c>u,c.1744C>T,p.P582S,protein_coding:exon:CDS:substitution:codon_variant:non_synonymous_codon,SO:0000010:SO:0000147:SO:0000316:SO:1000002:SO:0001581:SO:0001583,ASXL1 p.P582S,KX008,Possible_oncogenic,Unknown,ASXL1 p.P582H at same site,1,Colon
11-119144721-C-G,11,119144721,C,G,SNV,267,CBL,CCDS8418.1,r.1110c>g,c.734C>G,p.T245S,protein_coding:exon:CDS:substitution:codon_variant:non_synonymous_codon,SO:0000010:SO:0000147:SO:0000316:SO:1000002:SO:0001581:SO:0001583,CBL p.T245S,SX001,Possible_oncogenic,Possible_oncogenic,CBL p.T245I at same site,1,AML
2-25469028-CCT-C,2,25469028,CCT,C,INDEL,843,DNMT3A,CCDS33157.1,r.1766_1767delAG,c.1428_1429delAG,p.E477fs*14,protein_coding:exon:CDS:deletion:frameshift_variant,SO:0000010:SO:0000147:SO:0000316:SO:0000159:SO:0001589,DNMT3A p.E477fs*14,KX004,Oncogenic,Oncogenic,Truncating,,
4-106156819-CA-C,4,106156819,CA,C,INDEL,297,TET2,CCDS47120.1,r.2581delA,c.1721delA,p.A575fs*5,protein_coding:exon:CDS:deletion:frameshift_variant,SO:0000010:SO:0000147:SO:0000316:SO:0000159:SO:0001589,TET2 p.A575fs*5,KX004,Oncogenic,Oncogenic,Truncating,,